app_key,query_name,trackId,bundleId,trackName,sellerName,primaryGenreName,countries_found,startswith,contains,fuzzy,dev_bonus,bundle_bonus,genre_bonus,total
ママケリー,ママケリー,1339957550,jp.co.nittsusystem.mamakelly,ママケリー：生理管理や妊活から妊娠･育児もママと子供のアプリ,"KINJIRO CO.,LTD.",Health & Fitness,JP,92.0,88.0,90.0,0.0,0.0,3.0,95.0
ママケリー,ママケリー,368724832,jp.co.mti.luna2,ルナルナ｜生理日・体調・妊活・基礎体温・ピル服薬管理も！,MTI Ltd.,Health & Fitness,JP,0.0,0.0,0.0,0.0,0.0,3.0,3.0
ママケリー,ママケリー,479838529,jp.lalu.sp,妊活・生理 ラルーン｜基礎体温・妊娠・月経、周期やピルの管理,"MEDLEY, INC",Health & Fitness,JP,0.0,0.0,21.375,0.0,0.0,3.0,24.375
ママケリー,ママケリー,1310268776,jp.co.unicharm.sofy,ソフィガール 生理管理アプリで生理の周期を予測し体調管理,Unicharm Corporation,Health & Fitness,JP,0.0,0.0,17.999999999999996,0.0,0.0,3.0,20.999999999999996
ママケリー,ママケリー,1605464028,flora.period.tracker.fertility.female.health.calendar.ai.app,Moonlyで生理・妊活・メンタルの管理をサポート,FLORA K.K.,Health & Fitness,JP,0.0,0.0,25.71428571428571,0.0,0.0,3.0,28.71428571428571
ママケリー,ママケリー,1423628793,com.wachanga.womancalendar,Clover: 生理管理アプリで月経を予測&妊活情報,Wachanga LTD,Health & Fitness,JP,0.0,0.0,17.999999999999996,0.0,0.0,3.0,20.999999999999996
ママケリー,ママケリー,1398224277,jp.fujipharma.lilula,健康管理のLiLuLa -健康管理/妊娠アプリ,"FUJI PHARMA CO., LTD.",Health & Fitness,JP,0.0,0.0,30.000000000000004,0.0,0.0,3.0,33.0
ママケリー,ママケリー,1504804359,co.kazuya.blog.MedicalFeeManager,医療費管理 | 医療費控除の申請にも！,Kazuya Kobayashi,Finance,JP,0.0,0.0,0.0,0.0,0.0,0.0,0.0
ママケリー,ママケリー,1459096552,com.neiman.periodtracker,生理管理アプリ・生理日予測・排卵日予測,Aleksei Neiman,Health & Fitness,JP,0.0,0.0,17.999999999999996,0.0,0.0,3.0,20.999999999999996
ママケリー,ママケリー,1538735316,jp.co.Ninpath,ninpath-不妊治療可視化アプリ,ninpath Inc.,Health & Fitness,JP,0.0,0.0,30.000000000000004,0.0,0.0,3.0,33.0
コノトキ,コノトキ,1501112518,com.amanefactory.konotoki,コノトキ - 妊娠のために基礎体温、生理で排卵日予測,amane factory inc.,Health & Fitness,JP,92.0,88.0,90.0,0.0,0.0,3.0,95.0
コノトキ,コノトキ,998542154,jp.co.kodansha.ios.magazinepocket,マガポケ - 人気マンガが毎日楽しめるコミックアプリ,Kodansha Ltd.,Book,JP,0.0,0.0,22.5,0.0,0.0,0.0,22.5
コノトキ,コノトキ,1140087281,com.sakai.imikowa2,意味が分かると怖い話-この意味怖を謎解きできるか…,MITURU KISARAZU,Games,JP,0.0,0.0,0.0,0.0,0.0,0.0,0.0
コノトキ,コノトキ,1139146156,com.Scary.Story,意味が分かると怖い話 - 謎解き 推理 意味怖,MITURU KISARAZU,Games,JP,0.0,0.0,0.0,0.0,0.0,0.0,0.0
コノトキ,コノトキ,479838529,jp.lalu.sp,妊活・生理 ラルーン｜基礎体温・妊娠・月経、周期やピルの管理,"MEDLEY, INC",Health & Fitness,JP,0.0,0.0,0.0,0.0,0.0,3.0,3.0
コノトキ,コノトキ,1137618430,org.cocos2dx.MailMystery,謎解きメール,Jammsworks Inc.,Games,JP,0.0,0.0,0.0,0.0,0.0,0.0,0.0
コノトキ,コノトキ,1496084159,tokyo.seec.uyrh,ウーユリーフの処方箋 -脱出×アドベンチャー×謎解き,SEEC Inc.,Games,JP,0.0,0.0,0.0,0.0,0.0,0.0,0.0
コノトキ,コノトキ,1351695224,com.pulsmo.StrayCatDoors,脱出ゲーム 迷い猫の旅- Stray Cat Doors -,"PULSMO,INC.",Games,JP,0.0,0.0,0.0,0.0,0.0,0.0,0.0
コノトキ,コノトキ,1322241887,jp.ryoshirakawa.MuscleEscape,脱出ゲーム 屈強な男の脱出,HENN Inc.,Games,JP,0.0,0.0,0.0,0.0,0.0,0.0,0.0
コノトキ,コノトキ,1633017241,com.Myschief.JiraiMen,地雷チャット 男の本性 〜メッセージ型謎解きクイズゲーム〜,FUMIYA IWASAKI,Games,JP,0.0,0.0,22.5,0.0,0.0,0.0,22.5
コノトキ,コノトキ,1535333541,co.goldendog.NazotokiSchool,ナゾトキ学園　- 脱出ゲーム,"GOLDEN DOG, K.K.",Games,JP,0.0,0.0,45.0,0.0,0.0,0.0,45.0
コノトキ,コノトキ,6446684889,com.ssrb.ios2p,神の契約:異世界伝説 美少女召喚冒険放置育成バトルRPG,"Guangzhou Doctor Information Technology Co., Ltd.",Games,JP,0.0,0.0,22.5,0.0,0.0,0.0,22.5
コノトキ,コノトキ,1115275789,jp.ahiru.app.nazonazo3,大人のなぞなぞ3 ~暇つぶし脳トレIQ謎解きアプリ~,Ikue Konno,Games,JP,0.0,0.0,22.5,0.0,0.0,0.0,22.5
コノトキ,コノトキ,1525853281,com.pulsmo.StrayCatDoors2,脱出ゲーム 迷い猫の旅2 Stray Cat Doors2,"PULSMO,INC.",Games,JP,0.0,0.0,0.0,0.0,0.0,0.0,0.0
コノトキ,コノトキ,6499251028,jp.co.epsilon-software.escape-game-hot-spring,脱出ゲーム 京都温泉宿の謎解き〜簡単操作で解き明かす和の謎〜,Epsilon Software Inc.,Games,JP,0.0,0.0,0.0,0.0,0.0,0.0,0.0
コノトキ,コノトキ,1642651730,jp.genit.natsumelo,懐メロピアノ-人気曲を鍵盤ぴあのPianoリズムゲーム音ゲー,GENIT Inc.,Games,JP,0.0,0.0,22.5,0.0,0.0,0.0,22.5
コノトキ,コノトキ,6450708980,com.KiibooStudio.LeisurePerson,暇人決定戦　~この世で1番暇な人は誰？~,saic Inc.,Games,JP,0.0,0.0,0.0,0.0,0.0,0.0,0.0
コノトキ,コノトキ,6461772838,com.studiowakaba.escapegame.tenku,脱出ゲーム 忘れられた遺跡に眠る秘宝 （前編）,Jun Wakabayashi,Games,JP,0.0,0.0,0.0,0.0,0.0,0.0,0.0
コノトキ,コノトキ,6469053577,com.studiowakaba.escapegame.tenku2,脱出ゲーム 忘れられた遺跡に眠る秘宝 （後編）,Jun Wakabayashi,Games,JP,0.0,0.0,0.0,0.0,0.0,0.0,0.0
コノトキ,コノトキ,1599160466,co.goldendog.prankGirl,イタズラ少女 - 脱出ゲーム,"GOLDEN DOG, K.K.",Games,JP,0.0,0.0,0.0,0.0,0.0,0.0,0.0
コノトキ,コノトキ,6472034352,com.pulsmo.StrayCatDoors3,脱出ゲーム 迷い猫の旅3 Stray Cat Doors3,"PULSMO,INC.",Games,JP,0.0,0.0,0.0,0.0,0.0,0.0,0.0
コノトキ,コノトキ,1513508702,com.mask.zetsumei,絶体絶命脱出,MASK LLC.,Games,JP,0.0,0.0,0.0,0.0,0.0,0.0,0.0
コノトキ,コノトキ,572430543,jp.co.mti.uranai.now,【今すぐを鑑定!!】時が導く運命～今この瞬間のあなた～,MTI Ltd.,Entertainment,JP,0.0,0.0,0.0,0.0,0.0,0.0,0.0
コノトキ,コノトキ,1032267351,com.lbrc.PeriodCalendar,生理周期管理アプリ｜排卵日予測・妊活・基礎体温・ピル服薬管理,AppManage LLC,Health & Fitness,JP,0.0,0.0,0.0,0.0,0.0,3.0,3.0
コノトキ,コノトキ,1423628793,com.wachanga.womancalendar,Clover: 生理管理アプリで月経を予測&妊活情報,Wachanga LTD,Health & Fitness,JP,0.0,0.0,0.0,0.0,0.0,3.0,3.0
リズム手帳,リズム手帳,575109564,jp.co.nihon-e.rhythmfree,リズム手帳 ｰ生理日管理～妊活まで,"Nihon Enterprise Co.,Ltd",Health & Fitness,JP,92.0,88.0,90.0,0.0,0.0,3.0,95.0
リズム手帳,リズム手帳,368724832,jp.co.mti.luna2,ルナルナ｜生理日・体調・妊活・基礎体温・ピル服薬管理も！,MTI Ltd.,Health & Fitness,JP,0.0,0.0,0.0,0.0,0.0,3.0,3.0
リズム手帳,リズム手帳,1525524558,jp.co.unicharm.sofyapp,ソフィ 生理管理アプリで生理を予測&妊活情報,Unicharm Corporation,Health & Fitness,JP,0.0,0.0,17.999999999999996,0.0,0.0,3.0,20.999999999999996
リズム手帳,リズム手帳,1488551590,jp.genit.rhythmasobi.more,リズムあそび-楽器タッチがたのしい！音楽まなびキッズゲーム,GENIT Inc.,Music,JP,0.0,0.0,67.5,0.0,0.0,0.0,67.5
リズム手帳,リズム手帳,1269972832,com.btang.thermometer,Femometer - 生理日管理から妊活まで,BONGMI LIMITED,Health & Fitness,JP,0.0,0.0,0.0,0.0,0.0,3.0,3.0
リズム手帳,リズム手帳,1501112518,com.amanefactory.konotoki,コノトキ - 妊娠のために基礎体温、生理で排卵日予測,amane factory inc.,Health & Fitness,JP,0.0,0.0,0.0,0.0,0.0,3.0,3.0
リズム手帳,リズム手帳,1046767441,com.trysportsnow.ThermoHealthTracing,あなたの体温：健康診断と体温記録と病気の症状チェック,"KHELS PREFERENS, OOO",Health & Fitness,JP,0.0,0.0,0.0,0.0,0.0,3.0,3.0
リズム手帳,リズム手帳,6444716760,com.simpledio.HandwritingPlannerCalendar,ペンシルカレンダー：手書きの手帳とスタンプのスケジュール,"SIMPLEDIO, TOO",Productivity,JP,0.0,0.0,36.0,0.0,0.0,0.0,36.0
リズム手帳,リズム手帳,869648628,com.owaves.main,Owaves による ウェルネス プランナー,"Owaves, Inc.",Health & Fitness,JP,0.0,0.0,0.0,0.0,0.0,3.0,3.0
リズム手帳,リズム手帳,1640877684,com.ystory.mnp,JoyHer - 更年期のセルフケア,"YStory, Inc.",Health & Fitness,JP,0.0,0.0,0.0,0.0,0.0,3.0,3.0
リズム手帳,リズム手帳,1279295922,com.premom.easyathome,"排卵日予測,妊活アプリ & 生理管理アプリ.Premom",Easy Healthcare Corporation,Health & Fitness,JP,0.0,0.0,17.999999999999996,0.0,0.0,3.0,20.999999999999996
リズム手帳,リズム手帳,1002330703,jp.co.toshiba.hc.BBTAppHT,BBT App,TDK Corporation,Health & Fitness,JP,0.0,0.0,0.0,0.0,0.0,3.0,3.0
リズム手帳,リズム手帳,1090728028,jp.co.picup.Log-24,ライフログ - 食事・運動・睡眠サイクルを記録して分析する生活習慣管理アプリ,Picup Inc.,Lifestyle,JP,0.0,0.0,30.000000000000004,0.0,0.0,0.0,30.000000000000004
リズム手帳,リズム手帳,1460523405,raki.lifelog,健康ライフログ,Akito Ibaraki,Health & Fitness,JP,0.0,0.0,0.0,0.0,0.0,3.0,3.0
リズム手帳,リズム手帳,1543696428,gztech.PulseDetector,iPulse - 心拍数検出，血圧管理,"HeartyTech Co., Ltd",Health & Fitness,JP,0.0,0.0,0.0,0.0,0.0,3.0,3.0
リズム手帳,リズム手帳,1621475818,Phan-Nhat-Dang.SafeDaysCalculator,自然避妊カレンダー: 安全日,Phan Nhat Đang,Medical,JP,0.0,0.0,0.0,0.0,0.0,3.0,3.0
リズム手帳,リズム手帳,1469249201,com.insanedevelopers.periodtracker,Period Tracker: My Days,Symon Johnson,Health & Fitness,JP,0.0,0.0,0.0,0.0,0.0,3.0,3.0
リズム手帳,リズム手帳,1021545958,com.bellabeat.period,Period. & Ovulation Diary,Sasa Kolda,Health & Fitness,JP,0.0,0.0,0.0,0.0,0.0,3.0,3.0
リズム手帳,リズム手帳,1110842994,ru.info2000.womanfree,Я женщина - женский календарь менструаций Lite,SERGEY NIKITIN,Health & Fitness,JP,0.0,0.0,0.0,0.0,0.0,3.0,3.0
リズム手帳,リズム手帳,1575670274,com.vu.mood,日記 ： 女性化・女性向け・瞬間日記 & 習慣、継続する技術,VU HO NGOC,Lifestyle,JP,0.0,0.0,0.0,0.0,0.0,0.0,0.0
リズム手帳,リズム手帳,1548942501,stress.gztech,Health Watcher: Heart & Oxygen,"HeartyTech Co., Ltd",Health & Fitness,JP,0.0,0.0,0.0,0.0,0.0,3.0,3.0
リズム手帳,リズム手帳,1477337270,com.unicorndreamfactory.period,Period - period tracker,Unicorn Dream Factory LLC,Health & Fitness,JP,0.0,0.0,0.0,0.0,0.0,3.0,3.0
リズム手帳,リズム手帳,463146126,com.maxwell.contractionmonitor,Contraction Monitor Pro,倩 赵,Health & Fitness,JP,0.0,0.0,0.0,0.0,0.0,3.0,3.0
妊娠したかも,妊娠したかも,1001404840,jp.co.eversense.Ninaru,ninaru - 妊娠したら妊婦さんのための陣痛・妊娠アプリ,"EVER SENSE, INC.",Medical,GB,0.0,0.0,60.00000000000001,0.0,0.0,3.0,63.00000000000001
妊娠したかも,妊娠したかも,1486291787,jp.co.sakabou.paintimer,陣痛タイマー by ぴよログ,PiyoLog Inc.,Health & Fitness,GB,0.0,0.0,0.0,0.0,0.0,3.0,3.0
ninaru,ninaru,1001404840,jp.co.eversense.Ninaru,ninaru - 妊娠したら妊婦さんのための陣痛・妊娠アプリ,"EVER SENSE, INC.",Medical,JP,92.0,88.0,90.0,0.0,0.0,3.0,95.0
ninaru,ninaru,1085012323,jp.co.eversense.papaninaru,パパninaru-妊娠・出産・育児をサポート,"EVER SENSE, INC.",Medical,JP,0.0,88.0,90.0,0.0,0.0,3.0,93.0
ninaru,ninaru,1174708723,jp.co.eversense.ninaru-baby,育児・子育て・離乳食アプリ ninaru baby,"EVER SENSE, INC.",Medical,JP,0.0,88.0,90.0,0.0,0.0,3.0,93.0
ninaru,ninaru,1235601864,com.ss.iphone.ugc.Ame,TikTok ティックトック,TIKTOK PTE. LTD.,Entertainment,JP,0.0,0.0,22.5,0.0,0.0,0.0,22.5
ninaru,ninaru,877494771,net.polyglots.Polyglots1,レシピー - 英語が趣味になるアプリ,POLYGLOTS inc.,Education,JP,0.0,0.0,0.0,0.0,0.0,0.0,0.0
ninaru,ninaru,1485532783,jp.co.eversense.sofuboninaru,祖父母ninaru（になる）：妊娠・育児を支えるアプリ,"EVER SENSE, INC.",Medical,JP,0.0,88.0,90.0,0.0,0.0,3.0,93.0
ninaru,ninaru,1076828837,jp.co.eversense.babyfood,離乳食のレシピと記録もできる離乳食アプリ-手作り離乳食,"EVER SENSE, INC.",Medical,JP,0.0,0.0,0.0,0.0,0.0,3.0,3.0
ninaru,ninaru,1235569398,com.yottagames.mafiawar,マフィア・シティ-極道風雲,VoyagerOne Pte. Ltd.,Games,JP,0.0,0.0,0.0,0.0,0.0,0.0,0.0
ninaru,ninaru,875750302,com.access-company.ios.sh-jumpplus,少年ジャンプ＋ 人気漫画が読める雑誌アプリ,SHUEISHA Inc.,Book,JP,0.0,0.0,0.0,0.0,0.0,0.0,0.0
ninaru,ninaru,998542154,jp.co.kodansha.ios.magazinepocket,マガポケ - 人気マンガが毎日楽しめるコミックアプリ,Kodansha Ltd.,Book,JP,0.0,0.0,0.0,0.0,0.0,0.0,0.0
ninaru,ninaru,774618503,com.lnu.mgm,マンガワン-小学館のオリジナル漫画を毎日配信,SHOGAKUKAN INC.,Book,JP,0.0,0.0,0.0,0.0,0.0,0.0,0.0
ninaru,ninaru,1091496983,com.piccoma.app,ピッコマ,Kakao piccoma Corp.,Book,JP,0.0,0.0,0.0,0.0,0.0,0.0,0.0
ninaru,ninaru,1099688273,com.cygames.cycomi,漫画アプリ サイコミ/オリジナル漫画・人気マンガが読める,"Cygames, Inc.",Book,JP,0.0,0.0,0.0,0.0,0.0,0.0,0.0
ninaru,ninaru,6452502714,com.kiwame.otikazuki,ゲームを極めたら、気になるあの子とお近づきになれた件,MIKU KURAKI,Games,JP,0.0,0.0,0.0,0.0,0.0,0.0,0.0
ninaru,ninaru,1058959277,com.ubercab.UberEats,Uber Eats（ウーバーイーツ) 出前/フードデリバリー,"Uber Technologies, Inc.",Food & Drink,JP,0.0,0.0,21.375,0.0,0.0,0.0,21.375
ninaru,ninaru,1397824035,com.cookingcity.chefgame.feverkitchen.free,クッキングシティ(Cooking City) - 料理ゲーム,"MagicSeven Co., Ltd",Games,JP,0.0,0.0,30.000000000000004,0.0,0.0,0.0,30.000000000000004
ninaru,ninaru,1093968775,co.thoron.langmate,世界とつながる、英会話で友達になる−Langmate,Langmate Inc.,Education,JP,0.0,0.0,30.000000000000004,0.0,0.0,0.0,30.000000000000004
ninaru,ninaru,855062660,com.zaigenkakuho.ikouhoushi,マチイロ: 自治体のニュースで住むまちをもっと好きになる,"MACHIIRO, K.K",Book,JP,0.0,0.0,0.0,0.0,0.0,0.0,0.0
ninaru,ninaru,1182886549,com.lipscosme.LIPS,LIPS(リップス) メイク・コスメ・化粧品のコスメアプリ,"APPBREW, K.K.",Lifestyle,JP,0.0,0.0,0.0,0.0,0.0,0.0,0.0
ninaru,ninaru,838086772,com.plusminus.fantamstick,算数忍者〜たし算ひき算の巻〜子供向け学習アプリ,"Fantamstick, Ltd.",Education,JP,0.0,0.0,0.0,0.0,0.0,0.0,0.0
ninaru,ninaru,915410771,jp.kjhr.stockdev,株ニュース（マザーズ・JASDAQ版）〜気になる上場企業のニュースをまとめ読み〜,Yuma Oshio,Finance,JP,0.0,0.0,0.0,0.0,0.0,0.0,0.0
ninaru,ninaru,1263410197,com.aiming.caravan,キャラバンストーリーズ,Aiming Inc.,Games,JP,0.0,0.0,0.0,0.0,0.0,0.0,0.0
ninaru,ninaru,747779910,jp.ne.donuts.mixch,ミクチャ - ライブ配信 & 動画アプリ,Donuts Co. Ltd.,Social Networking,JP,0.0,0.0,0.0,0.0,0.0,0.0,0.0
ninaru,ninaru,6445905219,com.storymatrix.drama,DramaBox（ドラマボックス） -ショートドラマ見放題,STORYMATRIX PTE. LTD,Entertainment,JP,0.0,0.0,22.5,0.0,0.0,0.0,22.5
ninaru,ninaru,718222634,com.futurala.artai,Artomaton お絵描き人工知能,yasuki watanabe,Photo & Video,JP,0.0,0.0,22.5,0.0,0.0,0.0,22.5
ninaru,ninaru,987360477,jp.co.ofcr.cm00,クッキングママ お料理しましょ！,Office Create Corp.,Games,JP,0.0,0.0,0.0,0.0,0.0,0.0,0.0
ninaru,ninaru,1204599313,jp.co.orbis.orbispoint,ORBIS パーソナルカラーや肌に合うスキンケア・美容に,ORBIS Inc.,Lifestyle,JP,0.0,0.0,0.0,0.0,0.0,0.0,0.0
ninaru,ninaru,677634233,jp.co.toshiba.ome.rd.hdex.Okkakesta,追っかけスタ,TVS REGZA CORPORATION,Entertainment,JP,0.0,0.0,0.0,0.0,0.0,0.0,0.0
4MOON,4MOON,561643327,com.moongames.southsurferslite,South Surfers,MoonGames,Games,GB,0.0,0.0,0.0,0.0,0.0,0.0,0.0
4MOON,4MOON,1583027723,com.love.yuebizhi,Moon wallpaper - ins 4k Themes,玥 邓,Lifestyle,GB,0.0,0.0,34.2,0.0,0.0,0.0,34.2
4MOON,4MOON,1097232463,com.kentwang.pokedex-team,Oak Dex Team Builder Guides,Kent Wang,Reference,GB,0.0,0.0,30.000000000000004,0.0,0.0,0.0,30.000000000000004
4MOON,4MOON,571901513,com.moongames.coolsurfersfree,Cool Surfers 1 :Penguin Run 4 Finding Marine Subway 2 Free,MoonGames,Games,GB,0.0,0.0,11.999999999999998,0.0,0.0,0.0,11.999999999999998
4MOON,4MOON,1137455038,com.x04studios.classicskymap2.release,Classic Sky Map 2,X04 Studios Inc.,Education,GB,0.0,0.0,17.999999999999996,0.0,0.0,0.0,17.999999999999996
4MOON,4MOON,820769943,com.moongames.flappyswim,Flappy Swim,MoonGames,Games,GB,0.0,0.0,0.0,0.0,0.0,0.0,0.0
4MOON,4MOON,1413108902,com.nautide.app,"Nautide: Tides, Wind, Waves +",Igoox SL,Weather,GB,0.0,0.0,30.000000000000004,0.0,0.0,0.0,30.000000000000004
4MOON,4MOON,1056004684,com.moongames.trafficroad,Traffic Road - Crossy Turn,MoonGames,Games,GB,0.0,0.0,0.0,0.0,0.0,0.0,0.0
4MOON,4MOON,6448627369,com.moonapp.ios,Lunaria: Moon Phase Calendar,4AVS Limited,Lifestyle,GB,0.0,0.0,17.999999999999996,0.0,0.0,0.0,17.999999999999996
4MOON,4MOON,6504356855,com.app.LiveHdWallpapers,new 4k wallpapers for iPhone,Mahadev Enterprise,Entertainment,GB,0.0,0.0,28.5,0.0,0.0,0.0,28.5
4MOON,4MOON,294937581,com.catalyst4.sunmoon,Sun n Moon,David Gibson,Weather,GB,0.0,0.0,28.5,0.0,0.0,0.0,28.5
4MOON,4MOON,1557435862,SimiXiangce.SimiXiangce,Moon Player-4k 8k Video Player,英键 李,Productivity,GB,0.0,0.0,30.000000000000004,0.0,0.0,0.0,30.000000000000004
4MOON,4MOON,1474995128,com.moongames.aquaparkfunio,AquaPark Fun.io,MoonGames,Games,GB,0.0,0.0,0.0,0.0,0.0,0.0,0.0
4MOON,4MOON,6504608150,com.square-enix.FF4AYArcade,FF IV: THE AFTER YEARS+,"SQUARE ENIX Co., Ltd.",Games,GB,0.0,0.0,0.0,0.0,0.0,0.0,0.0
4MOON,4MOON,683029090,com.square-enix.FF4AY,FF IV: THE AFTER YEARS,"SQUARE ENIX Co., Ltd.",Games,GB,0.0,0.0,0.0,0.0,0.0,0.0,0.0
4MOON,4MOON,1202340003,com.coppercod.hearts,Classic Hearts,Coppercod Ltd,Games,GB,0.0,0.0,0.0,0.0,0.0,0.0,0.0
4MOON,4MOON,6449185987,com.kmi.moonivpn,Mooni VPN - Fast VPN Proxy,4K-SOFT LTD.,Utilities,GB,0.0,0.0,30.000000000000004,0.0,0.0,0.0,30.000000000000004
4MOON,4MOON,492671847,com.ra-labo.NightShooting2,NightShooting,Shigenori Ura,Photo & Video,GB;JP,0.0,0.0,30.000000000000004,0.0,0.0,0.0,30.000000000000004
4MOON,4MOON,916519394,com.emojiness.snowmantap,The Moon Snowman Shoot,Makeover Mania Story Games LLC,Games,GB,0.0,0.0,28.5,0.0,0.0,0.0,28.5
4MOON,4MOON,1185557548,com.Downfall.ShinyChain,Shiny Chain,Noxfall Studios SL,Utilities,GB,0.0,0.0,0.0,0.0,0.0,0.0,0.0
4MOON,4MOON,6446899062,com.halfmoon.picturequiz,Picture Quiz - Puzzle Game,Half Moon Studios Ltd,Games,GB,0.0,0.0,0.0,0.0,0.0,0.0,0.0
4MOON,4MOON,983722238,vn.edugames.MathTricksDuel,Mental Math Tricks - mathematics Magician - coolmathgames,EDUCATIONAL GAMES JOINT STOCK COMPANY,Games,GB,0.0,0.0,20.0,0.0,0.0,0.0,20.0
4MOON,4MOON,1007898303,com.tommo.pp2-ien,Putt-Putt Goes to the Moon,Tommo Inc.,Games,GB,0.0,0.0,20.0,0.0,0.0,0.0,20.0
4MOON,4MOON,6444881546,com.apicways.amazingspace,Outer Space Game for Children,Apic Ways DOO,Entertainment,GB,0.0,0.0,30.000000000000004,0.0,0.0,0.0,30.000000000000004
4MOON,4MOON,1383730649,com.hgmobileapps.solarsystembuilderforkids,Solar System Builder 4 Kids AR,Mihai Ghiserel,Education,GB,0.0,0.0,28.5,0.0,0.0,0.0,28.5
4MOON,4MOON,1565472349,com.fourmeee.moon,生理管理アプリ 4MOON -  生理周期や排卵日の予測に,4MEEE INC.,Health & Fitness,JP,0.0,88.0,90.0,0.0,0.0,3.0,93.0
4MOON,4MOON,1015521325,com.aniplex.fategrandorder,Fate/Grand Order,Aniplex Inc.,Games,JP,0.0,0.0,17.999999999999996,0.0,0.0,0.0,17.999999999999996
4MOON,4MOON,345542655,com.feelgreatgames.starchart,星座表,ESCAPE VELOCITY LIMITED,Education,JP,0.0,0.0,0.0,0.0,0.0,0.0,0.0
4MOON,4MOON,1521236603,io.randomco.travel,Travel Town - マージアドベンチャー,Moon Active LTD,Games,JP,0.0,0.0,0.0,0.0,0.0,0.0,0.0
4MOON,4MOON,576588894,com.fifthstarlabs.skyguide,スカイ・ガイド,Fifth Star Labs LLC,Reference,JP,0.0,0.0,0.0,0.0,0.0,0.0,0.0
4MOON,4MOON,1280972234,jp.co.eversense.kidsdoctor,キッズドクター：子供・子育てに寄りそうオンライン診療アプリ,"NORTH STAR Co.,Ltd.",Medical,JP,0.0,0.0,0.0,0.0,0.0,3.0,3.0
4MOON,4MOON,657189652,com.helloclue.clue,Clue 生理管理アプリ｜妊活・排卵日・基礎体温・妊娠,BioWink GmbH,Health & Fitness,JP,0.0,0.0,0.0,0.0,0.0,3.0,3.0
4MOON,4MOON,406889139,com.mobile-softing.coinmaster,Coin Master - コインマスター,Moon Active LTD,Games,JP,0.0,0.0,17.999999999999996,0.0,0.0,0.0,17.999999999999996
4MOON,4MOON,574123647,com.avidionmedia.iGunHD,iGun Pro,Crimson Moon Entertainment LLC,Games,JP,0.0,0.0,0.0,0.0,0.0,0.0,0.0
4MOON,4MOON,898555893,com.studio-anastrophe.antarctica,脱出ゲーム 「脱出4コマ・アンタルチカ」,aseishi hirotaka,Games,JP,0.0,0.0,19.0,0.0,0.0,0.0,19.0
4MOON,4MOON,1425197699,com.rpgsnack.bearsrestaurant,くまのレストラン,Odencat Inc.,Games,JP,0.0,0.0,0.0,0.0,0.0,0.0,0.0
4MOON,4MOON,1560124228,com.exoticmatch.game,Zen Match - Relaxing Puzzle,Moon Active LTD,Games,JP,0.0,0.0,21.375,0.0,0.0,0.0,21.375
4MOON,4MOON,1586844471,com.playphoria.tothemoon,ムーン パイオニア,Voodoo,Games,JP,0.0,0.0,0.0,0.0,0.0,0.0,0.0
4MOON,4MOON,967898020,com.typemoon.fsn,Fate/stay night [Realta Nua],"Notes Co.,Ltd.",Games,JP,0.0,0.0,20.0,0.0,0.0,0.0,20.0
4MOON,4MOON,1599684924,com.TheAbleGames.DalToKi,月ウサギのそだてかた,"Able Games Co. ,Ltd.",Games,JP,0.0,0.0,0.0,0.0,0.0,0.0,0.0
4MOON,4MOON,1328266576,net.appmaga.pixelfarm,作ろう！ミニチュア牧場,GAME START LLC,Games,JP,0.0,0.0,0.0,0.0,0.0,0.0,0.0
4MOON,4MOON,1155574945,de.io-marketing.Moon-Calendar,月齢カレンダー プロ - 月相スケジュール,Brachmann Online Marketing GmbH & Co. KG,Utilities,JP,0.0,0.0,0.0,0.0,0.0,0.0,0.0
4MOON,4MOON,951761438,com.hungnv.pokemonwallpapers,Cool Wallpapers for Pokemon,Hung Nguyen,Photo & Video,JP,0.0,0.0,0.0,0.0,0.0,0.0,0.0
4MOON,4MOON,1634749545,jp.gamestart.japaneserural,にほんの田舎ぐらし,GAME START LLC,Games,JP,0.0,0.0,0.0,0.0,0.0,0.0,0.0
4MOON,4MOON,6444112366,com.ProjectMoon.LimbusCompany,Limbus Company,"Project Moon Co., Ltd.",Games,JP,0.0,0.0,0.0,0.0,0.0,0.0,0.0
4MOON,4MOON,334325516,gov.nasa.NASA,NASA,NASA,Education,JP,0.0,0.0,22.22222222222222,0.0,0.0,0.0,22.22222222222222
4MOON,4MOON,1567263014,com.gnarcade.doge,今を生きる仮想通貨,Voodoo,Games,JP,0.0,0.0,0.0,0.0,0.0,0.0,0.0
4MOON,4MOON,1015495041,com.avidionmedia.iGun2,iGun Pro 2,Crimson Moon Entertainment LLC,Games,JP,0.0,0.0,0.0,0.0,0.0,0.0,0.0
4MOON,4MOON,921045502,co.horos.moonreader,月よみ - 月のおまじない情報まとめアプリ,MASANORI OKAMOTO,Lifestyle,JP,0.0,0.0,0.0,0.0,0.0,0.0,0.0
ソフィ Be,ソフィ Be,6480158120,jp.sofy.be,ソフィBe - 生理＆体調管理アプリ・月経周期＆妊活サポート,Unicharm Corporation,Health & Fitness,JP,0.0,0.0,81.81818181818181,0.0,0.0,3.0,84.81818181818181
ソフィ Be,ソフィ Be,479838529,jp.lalu.sp,妊活・生理 ラルーン｜基礎体温・妊娠・月経、周期やピルの管理,"MEDLEY, INC",Health & Fitness,JP,0.0,0.0,14.999999999999998,0.0,0.0,3.0,18.0
ソフィ Be,ソフィ Be,1525524558,jp.co.unicharm.sofyapp,ソフィ 生理管理アプリで生理を予測&妊活情報,Unicharm Corporation,Health & Fitness,JP,0.0,0.0,85.5,0.0,0.0,3.0,88.5
ソフィ Be,ソフィ Be,1637544648,dem.eschool.eparents,eParent mobile,Digital Edu Management LLC,Education,JP,0.0,0.0,28.5,0.0,0.0,0.0,28.5
ソフィ Be,ソフィ Be,6443931289,dem.eschool.eschool-mobile,eSchool Mobile,Digital Edu Management LLC,Education,JP,0.0,0.0,28.5,0.0,0.0,0.0,28.5
ルナルナ　体温ノート,ルナルナ　体温ノート,1583545977,jp.co.poppop.BodyTemperature,体温メモリー - 1日数秒で簡単体温管理,hidehiko aihara,Medical,GB,0.0,0.0,40.23529411764706,0.0,0.0,3.0,43.23529411764706
MeetYou,MeetYou,1608870986,com.meiyou.meetyou,MeetYou - 生理日追跡,"Hangzhou Youzijie Information Technology Co., Ltd.",Health & Fitness,JP,92.0,88.0,90.0,0.0,0.0,3.0,95.0
MeetYou,MeetYou,1409383333,jp.taimee.taimee-ios,タイミー | すぐに働ける単発アルバイトが見つかる求人アプリ,"Timee, inc.",Lifestyle,JP,0.0,0.0,0.0,0.0,0.0,0.0,0.0
MeetYou,MeetYou,899997582,com.baidujp.Simeji,Simeji -フォントから顔文字/絵文字までAIキーボード,Baidu Japan Inc.,Utilities,JP,0.0,0.0,17.099999999999998,0.0,0.0,0.0,17.099999999999998
MeetYou,MeetYou,585561686,jp.takashiwada.QRCodeReader,QRコードリーダー - QRコード読み取り,Takashi Wada,Productivity,JP,0.0,0.0,0.0,0.0,0.0,0.0,0.0
MeetYou,MeetYou,1074866833,tv.abema.AbemaTV,ABEMA(アベマ) 新しい未来のTV,"ABEMATV, INC.",Entertainment,JP,0.0,0.0,16.36363636363636,0.0,0.0,0.0,16.36363636363636
MeetYou,MeetYou,830340223,jp.hamitv.hamitvapp1,TVer(ティーバー) 民放公式テレビ配信サービス,TVer INC.,Entertainment,JP,0.0,0.0,17.999999999999996,0.0,0.0,0.0,17.999999999999996
MeetYou,MeetYou,480090210,jp.co.mediaseek.BarcodeReader,QRコードリーダー・バーコードリーダー ‐ アイコニット,Mediaseek Inc.,Productivity,JP,0.0,0.0,0.0,0.0,0.0,0.0,0.0
MeetYou,MeetYou,889571826,ihara-product,Smart Metronome & Tuner,"Ihara Products Co., Ltd.",Music,JP,0.0,0.0,51.42857142857142,0.0,0.0,0.0,51.42857142857142
MeetYou,MeetYou,814928018,com.locationvalue.nitori,ニトリアプリ 家具・インテリアの欲しいが見つかる！,"Nitori Holdings Co., Ltd.",Lifestyle,JP,0.0,0.0,0.0,0.0,0.0,0.0,0.0
MeetYou,MeetYou,935672069,jp.co.mixi.MayChannel,家族アルバム みてね,"MIXI, Inc.",Lifestyle,JP,0.0,0.0,0.0,0.0,0.0,0.0,0.0
MeetYou,MeetYou,794278407,com.anonymous-apps.QRCam,QRコードリーダー / バーコード QRコード読み取り・作成,dotColors LLC,Productivity,JP,0.0,0.0,0.0,0.0,0.0,0.0,0.0
MeetYou,MeetYou,945241274,jp.co.fujitv.fujitvondemandviewer,ドラマ / 映画はFOD テレビの見逃し配信や動画が見放題！,Fuji Television,Entertainment,JP,0.0,0.0,0.0,0.0,0.0,0.0,0.0
MeetYou,MeetYou,309735670,com.indeed.JobSearch,転職・バイトはIndeed（インディード）,Indeed Inc.,Business,JP,0.0,0.0,25.71428571428571,0.0,0.0,0.0,25.71428571428571
MeetYou,MeetYou,520502858,mobi.digitalminds.itunerfree,myTuner Radio ラジオ日本 FM / AM,"Appgeneration, Software Technologies, Lda",Music,JP,0.0,0.0,24.428571428571427,0.0,0.0,0.0,24.428571428571427
MeetYou,MeetYou,1059224316,com.hapihapi.money,家計簿!簡単お小遣い帳　人気の家計簿(かけいぼ),LAN CHEN,Finance,JP,0.0,0.0,0.0,0.0,0.0,0.0,0.0
MeetYou,MeetYou,945569194,jp.smilems.PhotoAlbumSecret,鍵付きアルバム - さくっとシークレット,"Ms, Inc.",Photo & Video,JP,0.0,0.0,0.0,0.0,0.0,0.0,0.0
MeetYou,MeetYou,509993510,com.smule.sing,Smule: カラオケ & デュエット - 曲を歌おう,Smule,Music,JP,0.0,0.0,17.999999999999996,0.0,0.0,0.0,17.999999999999996
MeetYou,MeetYou,747779910,jp.ne.donuts.mixch,ミクチャ - ライブ配信 & 動画アプリ,Donuts Co. Ltd.,Social Networking,JP,0.0,0.0,0.0,0.0,0.0,0.0,0.0
MeetYou,MeetYou,1046510029,com.bose.boseconnect,Bose Connect,Bose Corporation,Music,JP,0.0,0.0,36.0,0.0,0.0,0.0,36.0
MeetYou,MeetYou,418785500,jp.awaresoft.simpleweight,シンプルダイエット　体重記録をグラフ、カレンダーで管理できる,"i-mobile Co.,Ltd",Health & Fitness,JP,0.0,0.0,0.0,0.0,0.0,3.0,3.0
MeetYou,MeetYou,1641218070,jp.ne.docomo.lemino.ios,Lemino（レミノ）映画やドラマ、アニメなどの動画が見放題,"NTT DOCOMO, INC.",Entertainment,JP,0.0,0.0,27.692307692307693,0.0,0.0,0.0,27.692307692307693
MeetYou,MeetYou,788443692,jp.yoshiyuki.tanaka.qrreader,QRコードリーダー - バーコードリーダー読み取りqrアプリ,BUILD LLC,Productivity,JP,0.0,0.0,0.0,0.0,0.0,0.0,0.0
MeetYou,MeetYou,1580284904,com.widget-club,アイコン着せ替え ウィジェットでホーム画面カスタマイズアプリ,Liume INC.,Graphics & Design,JP,0.0,0.0,0.0,0.0,0.0,0.0,0.0
MeetYou,MeetYou,1498728560,KatherineKawashimaMusicHoudaiApp,音楽放題 Music HD 音楽が聴き放題のアプリ,KATHERINE KAWASHIMA,Entertainment,JP,0.0,0.0,28.5,0.0,0.0,0.0,28.5
MeetYou,MeetYou,728214964,jp.co.nttdocomo.danimestore,dアニメストア　アニメ動画見放題アプリ/マルチデバイス対応,"NTT DOCOMO, INC.",Entertainment,JP,0.0,0.0,0.0,0.0,0.0,0.0,0.0
MeetYou,MeetYou,1180529697,com.qrreader,QRコードリーダー PRO,DAIICHI KIKAKU,Utilities,JP,0.0,0.0,0.0,0.0,0.0,0.0,0.0
MeetYou,MeetYou,281796108,com.evernote.iPhone.Evernote,Evernote - Notes Organizer,Evernote Corporation,Productivity,JP,0.0,0.0,27.692307692307693,0.0,0.0,0.0,27.692307692307693
MeetYou,MeetYou,416098700,com.qrafter.Qrafter,Qrafter・QRコードスキャナー,AKE Software GmbH,Productivity,JP,0.0,0.0,14.999999999999998,0.0,0.0,0.0,14.999999999999998
MeetYou,MeetYou,1670102254,jp.chat-gp-talk,GP Chat-宿題・悩み相談もOKな日本語AIチャット,Yukito Shibuya,Productivity,JP,0.0,0.0,15.54545454545454,0.0,0.0,0.0,15.54545454545454
フェミン,フェミン,6502677802,jp.saitamacity.rsa,さいたま市みんなのアプリ,FELICA POCKET MARKETING INC.,Lifestyle,JP,0.0,0.0,0.0,0.0,0.0,0.0,0.0
フェミン,フェミン,1529394515,jp.kochi.kenmin,高知家ゆる県民倶楽部,FELICA POCKET MARKETING INC.,Lifestyle,JP,0.0,0.0,0.0,0.0,0.0,0.0,0.0
フェミン,フェミン,1522621429,mobi.cocorin.cocorin,農家民宿カフェ　coco-Rin,YUKI KUME,Food & Drink,JP,0.0,0.0,57.0,0.0,0.0,0.0,57.0
フェミン,フェミン,1600815730,com.nakashin.CafeTachinuApp,カフェイン禁止タイマー - 頭痛・睡眠・うつ病を改善！,"NAKASHIN, K.K.",Health & Fitness,JP,0.0,0.0,67.5,0.0,0.0,3.0,70.5
フェミン,フェミン,6444240484,com.mazzystar.Benect,フェードアウト ホワイトノイズ - Benect,Yeonni Lee,Health & Fitness,JP,0.0,0.0,60.00000000000001,0.0,0.0,3.0,63.00000000000001
フェミン,フェミン,6504396511,jp.saitamacity.shop.app,【店舗用】さいたま市みんなのアプリ,FELICA POCKET MARKETING INC.,Finance,JP,0.0,0.0,0.0,0.0,0.0,0.0,0.0
フェミン,フェミン,1496343582,com.redhotlime.wn,"ホワイトノイズ, 睡眠 アプリ 音フェチリラックス",Victor Lavrentyev,Health & Fitness,JP,0.0,0.0,45.0,0.0,0.0,3.0,48.0
フェミン,フェミン,6468870218,osamu.satou.MusicPopup,Music Popup（ミュージックポップアップ）音楽アプリ,osamu satou,Photo & Video,JP,0.0,0.0,22.5,0.0,0.0,0.0,22.5
フェミン,フェミン,1640178698,com.delicafejamming.delicafejamming,deli cafe Jamming,you notsu,Food & Drink,JP,0.0,0.0,0.0,0.0,0.0,0.0,0.0
フェミン,フェミン,1176648340,org.offline-maps.country.faroeislands,フェロー諸島,OFFLINE MAP TRIP GUIDE LTD,Travel,JP,0.0,0.0,60.00000000000001,0.0,0.0,0.0,60.00000000000001
フェミン,フェミン,6744689420,taichi.FadeInOut,FadeInOut：動画フェード編集アプリ,Taichi Kasugai,Photo & Video,JP,0.0,0.0,45.0,0.0,0.0,0.0,45.0
フェミン,フェミン,6720717577,com.devmsseon.magiccanny,Magic Canny (自分好みにデコれるカメラ),Myeong Su Seon,Photo & Video,JP,0.0,0.0,0.0,0.0,0.0,0.0,0.0
フェミン,フェミン,6737120487,com.tds.haircuts.games.barber.shop,理髪店ゲーム ヘアカット シミュレーション,Munaim Shah,Games,JP,0.0,0.0,36.0,0.0,0.0,0.0,36.0
フェミン,フェミン,6737274322,com.tg.haircut.barber.salon.game,ヘアカット 理髪店 サロン ゲーム,Ahmad Jalil Qarshi,Games,JP,0.0,0.0,22.5,0.0,0.0,0.0,22.5
生理トラッカ,生理トラッカ,1522679787,com.mberezina.calendar,"生理トラッカ, 排卵と妊娠カレンダ, 症状, 妊活避妊",Marina Berezina,Health & Fitness,JP,92.0,88.0,90.0,0.0,0.0,3.0,95.0
生理トラッカ,生理トラッカ,349630670,com.bazilsoft.maybebaby,Maybe Baby™ Fertility Tracker,Vasiliy Sarzhinskiy,Medical,JP,0.0,0.0,0.0,0.0,0.0,3.0,3.0
生理トラッカ,生理トラッカ,1389731716,com.woohoogames.womanapp2,Woman App - 生理カレンダー,Tooly Tech LLC,Health & Fitness,JP,0.0,0.0,45.0,0.0,0.0,3.0,48.0
生理カレンダー,生理カレンダー,1314105758,jp.co.eversense.michiru,基礎体温も管理できる生理管理アプリ-ミチル(michiru),"EVER SENSE, INC.",Health & Fitness,GB,0.0,0.0,25.71428571428571,0.0,0.0,3.0,28.71428571428571
生理カレンダー,生理カレンダー,1458264752,me.magnet.calennyar,かれんにゃー,MAG-NET Inc.,Lifestyle,GB,0.0,0.0,15.384615384615385,0.0,0.0,0.0,15.384615384615385
生理カレンダー,生理カレンダー,1634354131,com.ssk.BodyTemperatureRecordingCalendar,体温記録カレンダー,Tomohiro Sasaki,Health & Fitness,GB,0.0,0.0,62.5,0.0,0.0,3.0,65.5
生理カレンダー,生理カレンダー,1638035939,com.ssk.BodyTemperatureRecordingCalendarForWatch.BodyTemperatureRecordingCalendarForWatch,体温記録カレンダー for Watch,Tomohiro Sasaki,Health & Fitness,GB,0.0,0.0,71.25,0.0,0.0,3.0,74.25
生理カレンダー,生理カレンダー,1032666232,dev.distudio.rythemcare,超じぶん管理「リズムケア」,Yasuo Shiohata,Health & Fitness,GB,0.0,0.0,13.846153846153847,0.0,0.0,3.0,16.846153846153847
生理カレンダー,生理カレンダー,1639482565,com.ssk.BloodPressureAppForWatch,血圧記録カレンダー for Watch,Tomohiro Sasaki,Health & Fitness,GB,0.0,0.0,71.25,0.0,0.0,3.0,74.25
生理カレンダー,生理カレンダー,1033048224,jp.co.nihon-e.lovememo,Happy妊活ライフを応援－ラブめも－,"Nihon Enterprise Co.,Ltd",Health & Fitness,GB,0.0,0.0,0.0,0.0,0.0,3.0,3.0
生理カレンダー,生理カレンダー,1515051715,com.memotta,メモった！-グループスケジュール、イベント管理、メモ帳,"Esplanade One Co., Ltd.",Productivity,GB,0.0,0.0,14.999999999999998,0.0,0.0,0.0,14.999999999999998
生理カレンダー,生理カレンダー,6745811589,Ks.AnimalGestioneProject,AnimalGestione,shingo kakihara,Lifestyle,GB,0.0,0.0,0.0,0.0,0.0,3.0,3.0
ケアミー,ケアミー,1505033077,jp.healthandrights.coyomiv2,生理・PMSの共有アプリ ケアミー,Health & Rights Inc.,Health & Fitness,GB,0.0,88.0,90.0,0.0,0.0,3.0,93.0
Glow,Glow,638021335,com.upwlabs.emma,Glow Ovulation & Period App,"Glow, Inc.",Health & Fitness,JP,92.0,88.0,90.0,0.0,0.0,3.0,95.0
Glow,Glow,622434129,com.commsource.BeautyPlus,BeautyPlus-自撮りカメラ、写真加工、フィルムカメラ,PIXOCIAL TECHNOLOGY (SINGAPORE) PTE. LTD.,Photo & Video,JP,0.0,0.0,22.5,0.0,0.0,0.0,22.5
Glow,Glow,1560604814,com.floatingislandapps.grow,GrowPal: 健康の身近なパートナー,"Hangzhou Floating Island Technology Co., Ltd.",Health & Fitness,JP,0.0,0.0,67.5,0.0,0.0,3.0,70.5
Glow,Glow,1606703142,com.tic.tac.ox.games,Tic Tac Toe - ふたりで遊べる チックタックトー,"REMEMBERS INFORMATION TECHNOLOGY CO., LTD.",Games,JP,0.0,0.0,22.5,0.0,0.0,0.0,22.5
Glow,Glow,1252857347,jp.co.sakabou.piyolog,育児記録 - ぴよログ,PiyoLog Inc.,Medical,JP,0.0,0.0,0.0,0.0,0.0,3.0,3.0
Glow,Glow,1046846443,com.ubisoft.hungrysharkworld,ハングリー シャーク ワールド(Hungry Shark),Ubisoft,Games,JP,0.0,0.0,0.0,0.0,0.0,0.0,0.0
Glow,Glow,1562817072,com.vincentb.MobControl,Mob Control,Voodoo,Games,JP,0.0,0.0,42.75,0.0,0.0,0.0,42.75
Glow,Glow,1035105027,com.healingpaper.GangnamSister,カンナムオンニ（No.1美容医療・整形口コミ＆予約アプリ）,"Healingpaper Co.,Ltd",Health & Fitness,JP,0.0,0.0,22.5,0.0,0.0,3.0,25.5
Glow,Glow,408773297,com.rentronix.flashlightglow,無料懐中電灯,Victor Ren,Utilities,JP,0.0,0.0,0.0,0.0,0.0,0.0,0.0
Glow,Glow,451684733,jp.pocketcolony.PocketColony,ポケコロ かわいいアバター着せ替えアプリ,cocone ONE corporation,Social Networking,JP,0.0,0.0,0.0,0.0,0.0,0.0,0.0
Glow,Glow,1208952944,com.gramgames.mergedragons,マージドラゴン (Merge Dragons!),Gram Games Limited,Games,JP,0.0,0.0,22.5,0.0,0.0,0.0,22.5
Glow,Glow,1438413584,com.crazylabs.lightitup,Light-It Up,"CRAZY LABS BY TABTALE , G.P.",Games,JP,0.0,0.0,0.0,0.0,0.0,0.0,0.0
Glow,Glow,543577420,com.YunFang.PhotoGrid,PhotoGrid 写真&動画コラージュ,JUPITER PALACE PTE. LTD.,Photo & Video,JP,0.0,0.0,25.71428571428571,0.0,0.0,0.0,25.71428571428571
Glow,Glow,6449243946,io.supercent.linkedcubic,スネーククラッシュ (Snake Clash),Supercent Inc.,Games,JP,0.0,0.0,22.5,0.0,0.0,0.0,22.5
Glow,Glow,6670250360,jp.co.rakuten-sec.shisankeisei,iGrow - 楽天証券の資産づくりアプリ,"Rakuten Securities, Inc.",Finance,JP,0.0,0.0,67.5,0.0,0.0,0.0,67.5
Glow,Glow,1450911855,com.kyuzan.eggrypto,エグリプト 世界に一体だけのモンスターを育成して戦うRPG,Kyuzan Inc.,Games,JP,0.0,0.0,36.0,0.0,0.0,0.0,36.0
Glow,Glow,1104692136,com.amelosinteractive.snake,すりざりお - へびのゲーム ミミズ ワーム オンライン,KOOAPPS INC.,Games,JP,0.0,0.0,0.0,0.0,0.0,0.0,0.0
Glow,Glow,6446308106,com.cookapps.bm.fortresssaga,フォートレスサガ: AFK RPG,cookapps,Games,JP,0.0,0.0,36.0,0.0,0.0,0.0,36.0
Glow,Glow,346453382,com.natenai.glowhockeylite,Glow Hockey 2L,Ariya Studio Company Limited,Games,JP,92.0,88.0,90.0,0.0,0.0,0.0,92.0
Glow,Glow,1319623038,com.changchunteng.blockpuzzle,蛍光排除パズル,Mindgo Limited,Games,JP,0.0,0.0,0.0,0.0,0.0,0.0,0.0
Glow,Glow,1231932402,com.bdj.vortex,Rolly Vortex,Voodoo,Games,JP,0.0,0.0,30.000000000000004,0.0,0.0,0.0,30.000000000000004
Glow,Glow,6446140658,io.supercent.bigslimemanyslime,超巨大スライム (Super Big Slime),Supercent Inc.,Games,JP,0.0,0.0,22.5,0.0,0.0,0.0,22.5
Glow,Glow,1669133971,com.rikodesign.sumayame2new,スマホをやめれば魚が育つ｜集中・勉強・スマホ依存対策,Takeshi Segawa,Education,JP,0.0,0.0,0.0,0.0,0.0,0.0,0.0
Glow,Glow,6448794532,com.corestudios.storemanagementidle,アウトレットラッシュ (Outlets Rush),Supercent Inc.,Games,JP,0.0,0.0,22.5,0.0,0.0,0.0,22.5
Glow,Glow,1038778912,com.crossfield.ios.namsterlife,ハムスターライフ - 究極の超癒し系育成ゲーム,Cross Field Inc.,Games,JP,0.0,0.0,0.0,0.0,0.0,0.0,0.0
Glow,Glow,1478402661,com.lawson.tower,人間タワーラン,Voodoo,Games,JP,0.0,0.0,0.0,0.0,0.0,0.0,0.0
Glow,Glow,1624476041,com.hyperhoop.pocketmonsters,Monster Squad Rush,TapNation,Games,JP,0.0,0.0,30.000000000000004,0.0,0.0,0.0,30.000000000000004
Glow,Glow,1436213906,com.lionstudios.hookedinc,フックドインク：フィッシャータイクーン,Lion Studios LLC,Games,JP,0.0,0.0,0.0,0.0,0.0,0.0,0.0
Glow,Glow,1555822266,com.happypool.gub,カスタムスイカゲーム-バブルマージ,RYNYUL,Games,JP,0.0,0.0,0.0,0.0,0.0,0.0,0.0
Glow,Glow,1592004814,com.KisekiGames.DeliveryRush,My Mini Mart,SUPERSONIC STUDIOS LTD,Games,JP,0.0,0.0,0.0,0.0,0.0,0.0,0.0
Ovia,Ovia,1038369065,org.iggymedia.periodtracker,Flo Period & Cycles Tracker,FLO HEALTH UK LIMITED,Health & Fitness,GB,0.0,0.0,22.5,0.0,0.0,3.0,25.5
Ovia,Ovia,1106614359,com.ovuline.Parenting,Ovia Parenting & Baby Tracker,"Ovuline, Inc.",Medical,GB,92.0,88.0,90.0,0.0,0.0,3.0,95.0
Ovia,Ovia,657189652,com.helloclue.clue,Clue Period & Cycle Tracker,BioWink GmbH,Health & Fitness,GB,0.0,0.0,22.5,0.0,0.0,3.0,25.5
Ovia,Ovia,560102929,com.bounty.pregnancy,Bounty: Pregnancy and Baby App,Bounty Joy Limited,Health & Fitness,GB,0.0,0.0,24.428571428571427,0.0,0.0,3.0,27.428571428571427
Ovia,Ovia,1529565125,com.btang.femometer.eu,Femometer - Fertility Tracker,Femometer UK Limited,Health & Fitness,GB,0.0,0.0,22.5,0.0,0.0,3.0,25.5
Ovia,Ovia,638021335,com.upwlabs.emma,Glow Ovulation & Period App,"Glow, Inc.",Health & Fitness,GB,0.0,0.0,45.0,0.0,0.0,3.0,48.0
Ovia,Ovia,1010506484,com.ovulationcalendar.OC,Ovulation Calculator Fertile Tracker & Calendar OC,Ovulation Calculator Pty Ltd,Medical,GB,0.0,0.0,40.0,0.0,0.0,3.0,43.0
Ovia,Ovia,882398397,com.upwlabs.kaylee,Nurture Pregnancy Week by Week,"Glow, Inc.",Medical,GB,0.0,0.0,22.5,0.0,0.0,3.0,25.5
Ovia,Ovia,1068110571,com.bulletowl.babystory,Baby Story: Pregnancy Tracker,PIXO Incorporation,Photo & Video,GB,0.0,0.0,30.000000000000004,0.0,0.0,0.0,30.000000000000004
Ovia,Ovia,1279295922,com.premom.easyathome,Ovulation Tracker By Premom,Easy Healthcare Corporation,Health & Fitness,GB,0.0,0.0,60.00000000000001,0.0,0.0,3.0,63.00000000000001
Ovia,Ovia,703547387,co.lovetap.Female-by-Design,Life - Period Tracker Calendar,Life Fertility Tracker IVS,Health & Fitness,GB,0.0,0.0,30.000000000000004,0.0,0.0,3.0,33.0
Ovia,Ovia,577187307,se.perigee.Pocket-Cycle,Cycles: Period & Cycle Tracker,Perigee AB,Health & Fitness,GB,0.0,0.0,22.5,0.0,0.0,3.0,25.5
Ovia,Ovia,1144871267,com.wachanga.pregnancy,Pregnancy Tracker by Moms,Wachanga LTD,Medical,GB,0.0,0.0,22.5,0.0,0.0,3.0,25.5
Ovia,Ovia,1363479578,life.stroller.preggers,Preggers | Pregnancy + Baby,Stroller AB,Medical,GB,0.0,0.0,25.71428571428571,0.0,0.0,3.0,28.71428571428571
Ovia,Ovia,990178211,ru.medkrug.kbrapp,amma: Pregnancy & Baby Tracker,PERIOD TRACKER & PREGNANCY AND BABY CALENDAR LIMITED,Medical,GB,0.0,0.0,36.0,0.0,0.0,3.0,39.0
Ovia,Ovia,1472316290,com.neiman.pregnancytracker,Pregnancy Tracker・My Pregnancy,Aleksei Neiman,Medical,GB,0.0,0.0,22.5,0.0,0.0,3.0,25.5
Ovia,Ovia,1608870986,com.meiyou.meetyou,MeetYou - Period Tracker,"Hangzhou Youzijie Information Technology Co., Ltd.",Health & Fitness,GB,0.0,0.0,22.5,0.0,0.0,3.0,25.5
Ovia,Ovia,1453373942,com.fitnesslabs.pregnancy,Pregnancy: Contraction Timer,Fitness Labs SRL,Medical,GB,0.0,0.0,22.5,0.0,0.0,3.0,25.5
Ovia,Ovia,1209759365,com.hanchongzan.period,Easy Period - Lite Tracker,重赞 韩,Health & Fitness,GB,0.0,0.0,30.000000000000004,0.0,0.0,3.0,33.0
Ovia,Ovia,868611155,au.com.penguinapps.FeedBaby,Feed Baby - Breastfeeding App,PENGUIN APPS PTY LTD,Medical,GB,0.0,0.0,22.5,0.0,0.0,3.0,25.5
Ovia,Ovia,1499664504,periodtracker.app,Period Tracker ·,Luni,Health & Fitness,GB,0.0,0.0,22.5,0.0,0.0,3.0,25.5
Ovia,Ovia,1553425884,com.gb.pregnant.mommy.games,Pregnant Mother Pregnancy Sim,Haroon Abbas,Games,GB,0.0,0.0,30.000000000000004,0.0,0.0,3.0,33.0
Ovia,Ovia,349630670,com.bazilsoft.maybebaby,Maybe Baby™ Fertility Tracker,Vasiliy Sarzhinskiy,Medical,GB,0.0,0.0,30.000000000000004,0.0,0.0,3.0,33.0
Ovia,Ovia,565951606,com.liveyap.TimeHut,TimeHut - Baby Album,"Bithouse, Inc.",Photo & Video,GB,0.0,0.0,30.000000000000004,0.0,0.0,0.0,30.000000000000004
Ovia,Ovia,944880989,com.femmhealth.FEMM,FEMM Period Ovulation Tracker,FEMM Foundation,Health & Fitness,GB,0.0,0.0,45.0,0.0,0.0,3.0,48.0
Ovia,Ovia,1462891293,client.prod.appbakery.42,PCOS Tracker,"Applied Informatics, Inc.",Health & Fitness,GB,0.0,0.0,25.71428571428571,0.0,0.0,3.0,28.71428571428571
Fertility Friend,Fertility Friend,443919067,com.tamtris.fertilityfriend,Fertility Friend FF App,Tamtris Web Services Inc.,Health & Fitness,GB,92.0,88.0,95.0,0.0,0.0,3.0,98.0
Fertility Friend,Fertility Friend,349630670,com.bazilsoft.maybebaby,Maybe Baby™ Fertility Tracker,Vasiliy Sarzhinskiy,Medical,GB,0.0,0.0,85.5,0.0,0.0,3.0,88.5
Fertility Friend,Fertility Friend,638021335,com.upwlabs.emma,Glow Ovulation & Period App,"Glow, Inc.",Health & Fitness,GB,0.0,0.0,38.0,0.0,0.0,3.0,41.0
Fertility Friend,Fertility Friend,1529565125,com.btang.femometer.eu,Femometer - Fertility Tracker,Femometer UK Limited,Health & Fitness,GB,0.0,0.0,85.5,0.0,0.0,3.0,88.5
Fertility Friend,Fertility Friend,1038369065,org.iggymedia.periodtracker,Flo Period & Cycles Tracker,FLO HEALTH UK LIMITED,Health & Fitness,GB,0.0,0.0,41.53846153846154,0.0,0.0,3.0,44.53846153846154
Fertility Friend,Fertility Friend,608066898,com.dmitry-kovba.maybebaby.free,Period & Fertility Tracker,Anastasia Kovba,Medical,GB,0.0,0.0,85.5,0.0,0.0,3.0,88.5
Fertility Friend,Fertility Friend,657189652,com.helloclue.clue,Clue Period & Cycle Tracker,BioWink GmbH,Health & Fitness,GB,0.0,0.0,35.379310344827594,0.0,0.0,3.0,38.379310344827594
Fertility Friend,Fertility Friend,765535549,com.naturalcycles.cordova,Natural Cycles: Birth Control,NaturalCycles Nordic AB,Health & Fitness,GB,0.0,0.0,28.125,0.0,0.0,3.0,31.125
Fertility Friend,Fertility Friend,522674372,com.kindara.kindaraiphone,Kindara: Fertility Tracker,"Kindara, Inc.",Medical,GB,0.0,0.0,85.5,0.0,0.0,3.0,88.5
Fertility Friend,Fertility Friend,1279295922,com.premom.easyathome,Ovulation Tracker By Premom,Easy Healthcare Corporation,Health & Fitness,GB,0.0,0.0,38.57142857142858,0.0,0.0,3.0,41.57142857142858
Fertility Friend,Fertility Friend,1010506484,com.ovulationcalendar.OC,Ovulation Calculator Fertile Tracker & Calendar OC,Ovulation Calculator Pty Ltd,Medical,GB,0.0,0.0,50.625,0.0,0.0,3.0,53.625
Fertility Friend,Fertility Friend,1511275528,com.ovulation.calculator.fertility.tracker.calendar.period,Ovulation & Fertility Tracker,KHANDAKER RAHMAN,Health & Fitness,GB,0.0,0.0,85.5,0.0,0.0,3.0,88.5
Fertility Friend,Fertility Friend,436762566,com.nanobitsoftware.periodDiaryLite,IVY Period & Pregnancy Tracker,"Bellabeat, Inc.",Health & Fitness,GB,0.0,0.0,39.375,0.0,0.0,3.0,42.375
Fertility Friend,Fertility Friend,743793955,com.dmitry-kovba.LightOvulationCalendar,Fertility Period Tracker,Anastasia Kovba,Medical,GB,0.0,0.0,85.5,0.0,0.0,3.0,88.5
Fertility Friend,Fertility Friend,1459096552,com.neiman.periodtracker,Period Tracker My Cycle,Aleksei Neiman,Health & Fitness,GB,0.0,0.0,30.76923076923077,0.0,0.0,3.0,33.769230769230774
Fertility Friend,Fertility Friend,577187307,se.perigee.Pocket-Cycle,Cycles: Period & Cycle Tracker,Perigee AB,Health & Fitness,GB,0.0,0.0,35.379310344827594,0.0,0.0,3.0,38.379310344827594
Fertility Friend,Fertility Friend,330376830,com.gpapps.ptrackerlite,Period Tracker by GP Apps,GP International LLC,Health & Fitness,GB,0.0,0.0,37.24137931034483,0.0,0.0,3.0,40.24137931034483
Fertility Friend,Fertility Friend,961027248,com.bigfeetproductions.makebabies,Make Babies - The Connected Fertility Tracker,Big Feet Productions Ltd.,Health & Fitness,GB,0.0,0.0,85.5,0.0,0.0,3.0,88.5
Fertility Friend,Fertility Friend,1002275138,com.glowing.lexie,Glow Eve Period Tracker,"Glow, Inc.",Health & Fitness,GB,0.0,0.0,30.76923076923077,0.0,0.0,3.0,33.769230769230774
Fertility Friend,Fertility Friend,1032267351,com.lbrc.PeriodCalendar,My Calendar - Period Tracker,AppManage LLC,Health & Fitness,GB,0.0,0.0,37.40625,0.0,0.0,3.0,40.40625
Fertility Friend,Fertility Friend,1469249201,com.insanedevelopers.periodtracker,Period Tracker: My Days,Symon Johnson,Health & Fitness,GB,0.0,0.0,30.76923076923077,0.0,0.0,3.0,33.769230769230774
Fertility Friend,Fertility Friend,1495829322,com.stardust.stardustapp,Stardust: Period & Pregnancy,Stardust App LLC,Health & Fitness,GB,0.0,0.0,39.9,0.0,0.0,3.0,42.9
Fertility Friend,Fertility Friend,703547387,co.lovetap.Female-by-Design,Life - Period Tracker Calendar,Life Fertility Tracker IVS,Health & Fitness,GB,0.0,0.0,40.0,0.0,0.0,3.0,43.0
Fertility Friend,Fertility Friend,1043837948,com.ouraring.oura,Oura,Oura Health Oy,Health & Fitness,GB,0.0,0.0,25.71428571428571,0.0,0.0,3.0,28.71428571428571
Fertility Friend,Fertility Friend,1615949241,femia.menstruationtracker.fertilityapp,Femia - Fertility & Pregnancy,Magicfit Limited,Health & Fitness,GB,0.0,0.0,85.5,0.0,0.0,3.0,88.5
Period Tracker,Period Tracker,1038369065,org.iggymedia.periodtracker,Flo Period & Cycles Tracker,FLO HEALTH UK LIMITED,Health & Fitness,GB,0.0,0.0,85.5,0.0,0.0,3.0,88.5
Period Tracker,Period Tracker,896501514,com.abishkking.periodcalendar,Period & Cycle Tracker,ABISHKKING LIMITED.,Health & Fitness,GB,0.0,0.0,85.5,0.0,0.0,3.0,88.5
Period Tracker,Period Tracker,657189652,com.helloclue.clue,Clue Period & Cycle Tracker,BioWink GmbH,Health & Fitness,GB,0.0,0.0,85.5,0.0,0.0,3.0,88.5
Period Tracker,Period Tracker,330376830,com.gpapps.ptrackerlite,Period Tracker by GP Apps,GP International LLC,Health & Fitness,GB,92.0,88.0,90.0,0.0,0.0,3.0,95.0
Period Tracker,Period Tracker,1032267351,com.lbrc.PeriodCalendar,My Calendar - Period Tracker,AppManage LLC,Health & Fitness,GB,0.0,88.0,90.0,0.0,0.0,3.0,93.0
Period Tracker,Period Tracker,1002275138,com.glowing.lexie,Glow Eve Period Tracker,"Glow, Inc.",Health & Fitness,GB,0.0,88.0,90.0,0.0,0.0,3.0,93.0
Period Tracker,Period Tracker,1459096552,com.neiman.periodtracker,Period Tracker My Cycle,Aleksei Neiman,Health & Fitness,GB,92.0,88.0,90.0,0.0,0.0,3.0,95.0
Period Tracker,Period Tracker,1579369864,com.period-tracker.lifeplus,Period Tracker ⋆,LIFEPLUS HEALTH LTD,Health & Fitness,GB,92.0,88.0,95.0,0.0,0.0,3.0,98.0
Period Tracker,Period Tracker,436762566,com.nanobitsoftware.periodDiaryLite,IVY Period & Pregnancy Tracker,"Bellabeat, Inc.",Health & Fitness,GB,0.0,0.0,85.5,0.0,0.0,3.0,88.5
Period Tracker,Period Tracker,720796332,com.sevenlogics.PeriodTracker,Period Tracker ‎,"Sevenlogics, Inc.",Health & Fitness,GB,92.0,88.0,95.0,0.0,0.0,3.0,98.0
Period Tracker,Period Tracker,703547387,co.lovetap.Female-by-Design,Life - Period Tracker Calendar,Life Fertility Tracker IVS,Health & Fitness,GB,0.0,88.0,90.0,0.0,0.0,3.0,93.0
Period Tracker,Period Tracker,368868193,com.dworks.periodtrackerfree,Period Tracker: Monthly Cycles,"Shanghai Fenghe Information Technologies Co., Ltd.",Health & Fitness,GB,92.0,88.0,90.0,0.0,0.0,3.0,95.0
Period Tracker,Period Tracker,289084315,com.gpapps.ptracker,Period Tracker Deluxe,GP International LLC,Health & Fitness,GB,92.0,88.0,90.0,0.0,0.0,3.0,95.0
Period Tracker,Period Tracker,1529565125,com.btang.femometer.eu,Femometer - Fertility Tracker,Femometer UK Limited,Health & Fitness,GB,0.0,0.0,85.5,0.0,0.0,3.0,88.5
Period Tracker,Period Tracker,638021335,com.upwlabs.emma,Glow Ovulation & Period App,"Glow, Inc.",Health & Fitness,GB,0.0,0.0,85.5,0.0,0.0,3.0,88.5
Period Tracker,Period Tracker,443919067,com.tamtris.fertilityfriend,Fertility Friend FF App,Tamtris Web Services Inc.,Health & Fitness,GB,0.0,0.0,38.57142857142858,0.0,0.0,3.0,41.57142857142858
Period Tracker,Period Tracker,1423628793,com.wachanga.womancalendar,Clover - Period Tracker AI,Wachanga LTD,Health & Fitness,GB,0.0,88.0,90.0,0.0,0.0,3.0,93.0
Period Tracker,Period Tracker,1495829322,com.stardust.stardustapp,Stardust: Period & Pregnancy,Stardust App LLC,Health & Fitness,GB,0.0,0.0,85.5,0.0,0.0,3.0,88.5
Period Tracker,Period Tracker,489196207,com.efrac.movcalu2,Menstrual Period Tracker,EFRAC - FILIP NOWORYTA,Health & Fitness,GB,0.0,88.0,90.0,0.0,0.0,3.0,93.0
Period Tracker,Period Tracker,388618100,com.bhi.periodplannerlite,Period Tracker - Menstrual & Ovulation Calendar,"BHI Technologies, Inc.",Health & Fitness,GB,92.0,88.0,90.0,0.0,0.0,3.0,95.0
Period Tracker,Period Tracker,1499664504,periodtracker.app,Period Tracker ·,Luni,Health & Fitness,GB,92.0,88.0,95.0,0.0,0.0,3.0,98.0
Period Tracker,Period Tracker,577187307,se.perigee.Pocket-Cycle,Cycles: Period & Cycle Tracker,Perigee AB,Health & Fitness,GB,0.0,0.0,85.5,0.0,0.0,3.0,88.5
Period Tracker,Period Tracker,765535549,com.naturalcycles.cordova,Natural Cycles: Birth Control,NaturalCycles Nordic AB,Health & Fitness,GB,0.0,0.0,30.53571428571428,0.0,0.0,3.0,33.53571428571428
Period Tracker,Period Tracker,6447674634,lively.cycle.syncing.period.tracker,"Lively ~ Period Tracker, Cycle","Lively Cycle, LLC",Health & Fitness,GB,0.0,88.0,90.0,0.0,0.0,3.0,93.0
Period Tracker,Period Tracker,1608870986,com.meiyou.meetyou,MeetYou - Period Tracker,"Hangzhou Youzijie Information Technology Co., Ltd.",Health & Fitness,GB,0.0,88.0,90.0,0.0,0.0,3.0,93.0
Period Tracker,Period Tracker,340757216,com.winkpass.iperiodfree,iPeriod Lite Period Tracker,"Winkpass Creations, Inc.",Health & Fitness,GB,0.0,88.0,90.0,0.0,0.0,3.0,93.0
Period Tracker,Period Tracker,645662133,uk.co.chrispimlottfreelance.ShiftPlanner,My Shift Planner – Calendar,MyBuzz Technologies Limited,Productivity,GB,0.0,0.0,40.0,0.0,0.0,0.0,40.0
Period Tracker,Period Tracker,1010506484,com.ovulationcalendar.OC,Ovulation Calculator Fertile Tracker & Calendar OC,Ovulation Calculator Pty Ltd,Medical,GB,0.0,0.0,85.5,0.0,0.0,3.0,88.5
Embie,Embie,992180193,com.emby.mobile,Emby,Embi LLC,Entertainment,GB,0.0,0.0,66.66666666666667,0.0,0.0,0.0,66.66666666666667
Embie,Embie,1140027389,com.devlopment.MindFull,Mindful IVF: Meditate & Relax,Aculife Limited,Medical,GB,0.0,0.0,36.0,0.0,0.0,3.0,39.0
Embie,Embie,1054505347,com.solidus.iossplayerfree,zFuse - Media Player,"s-joys Technology Co., Ltd.",Entertainment,GB,0.0,0.0,28.5,0.0,0.0,0.0,28.5
Embie,Embie,6443975850,com.wuziqi.SenPlayer,SenPlayer - Multi Media Player,军 王,Entertainment,GB,0.0,0.0,36.0,0.0,0.0,0.0,36.0
Embie,Embie,1009747025,com.solidus.iossimpleplayer,zFuse - Video Player,"s-joys Technology Co., Ltd.",Entertainment,GB,0.0,0.0,36.0,0.0,0.0,0.0,36.0
Embie,Embie,1467618074,com.augustint.August-Audar,AUDAR,August International Ltd.,Health & Fitness,GB,0.0,0.0,0.0,0.0,0.0,3.0,3.0
Embie,Embie,6449966958,wan.long.temby,Temby-Emby Client,万龙 唐,Entertainment,GB,0.0,0.0,57.0,0.0,0.0,0.0,57.0
Embie,Embie,6621243955,com.magicgroot.gooby,Reflix - Smart Aggreg. Client,晶晶 许,Entertainment,GB,0.0,0.0,40.0,0.0,0.0,0.0,40.0
Embie,Embie,1442174311,com.sugu-seku,近なび - ご近所で即会いマッチングできる出会い系アプリ,Yuji Kashiwagi,Social Networking,GB,0.0,0.0,0.0,0.0,0.0,0.0,0.0
Embie,Embie,6743631802,com.emby.notes,EmbyNotes,Yasar Erkan,Book,GB,0.0,0.0,67.5,0.0,0.0,0.0,67.5
Embie,Embie,1605815982,com.schrafts2.pixel.fertility,Pixel Care,Schraft's 2.0 LLC,Medical,GB,0.0,0.0,40.0,0.0,0.0,3.0,43.0
Embie,Embie,6743737773,embia.lale.mychatrix,mychatrix,Embia LALE,Social Networking,GB,0.0,0.0,30.000000000000004,0.0,0.0,0.0,30.000000000000004
BabyCenter,BabyCenter,386022579,com.babycenter.mypregnancytoday,BabyCentre - Pregnancy tracker,"Everyday Health, Inc.",Medical,GB,0.0,0.0,85.26315789473685,0.0,0.0,3.0,88.26315789473685
BabyCenter,BabyCenter,1588881488,com.pregnancyc.contraction,Newborn Tracker & Baby Center,25 Degrees Apps LLC,Health & Fitness,GB,0.0,0.0,81.0,0.0,0.0,3.0,84.0
BabyCenter,BabyCenter,632064380,lt.manodrabuziai.fr,Vinted: Shop & sell pre-loved,Vinted Limited,Shopping,GB,0.0,0.0,36.0,0.0,0.0,0.0,36.0
BabyCenter,BabyCenter,771946428,com.planetart.fpuk,FreePrints - Photos Delivered,"PlanetArt, LLC",Photo & Video,GB,0.0,0.0,33.75,0.0,0.0,0.0,33.75
BabyCenter,BabyCenter,505864483,com.HP.PregnancyiPhonelite,Pregnancy + | Tracker App,Philips Digital UK Limited,Medical,GB,0.0,0.0,30.17647058823529,0.0,0.0,3.0,33.17647058823529
BabyCenter,BabyCenter,560102929,com.bounty.pregnancy,Bounty: Pregnancy and Baby App,Bounty Joy Limited,Health & Fitness,GB,0.0,0.0,51.300000000000004,0.0,0.0,3.0,54.300000000000004
BabyCenter,BabyCenter,1038369065,org.iggymedia.periodtracker,Flo Period & Cycles Tracker,FLO HEALTH UK LIMITED,Health & Fitness,GB,0.0,0.0,36.0,0.0,0.0,3.0,39.0
BabyCenter,BabyCenter,486502369,com.johnlewis.John-Lewis,John Lewis & Partners,John Lewis plc,Shopping,GB,0.0,0.0,42.35294117647059,0.0,0.0,0.0,42.35294117647059
BabyCenter,BabyCenter,936971630,com.google.ios.youtubekids,YouTube Kids,Google LLC,Entertainment,GB,0.0,0.0,18.181818181818176,0.0,0.0,0.0,18.181818181818176
BabyCenter,BabyCenter,1078758458,com.planetart.wrenda.uk,FreePrints Photobooks,"PlanetArt, LLC",Photo & Video,GB,0.0,0.0,33.75,0.0,0.0,0.0,33.75
BabyCenter,BabyCenter,931893198,uk.co.myvery,Very: Fashion & Home Shopping,Shop Direct Home Shopping Ltd,Shopping,GB,0.0,0.0,28.5,0.0,0.0,0.0,28.5
BabyCenter,BabyCenter,1488782587,com.neocortext.doublicatapp,Reface: Face Swap AI Photo App,"NEOCORTEXT, INC.",Graphics & Design,GB,0.0,0.0,27.000000000000004,0.0,0.0,0.0,27.000000000000004
BabyCenter,BabyCenter,657500465,com.outfit7.mytalkingtom,My Talking Tom,Outfit7 Limited,Games,GB,0.0,0.0,16.666666666666664,0.0,0.0,0.0,16.666666666666664
BabyCenter,BabyCenter,1570525877,com.teamterrible.thebabyinyellow,The Baby In Yellow,Team Terrible Limited,Games,GB,0.0,0.0,54.0,0.0,0.0,0.0,54.0
BabyCenter,BabyCenter,289560144,com.ryanbond.PregnancyTracker,Pregnancy & Baby Tracker - WTE,"Everyday Health, Inc.",Medical,GB,0.0,0.0,51.300000000000004,0.0,0.0,3.0,54.300000000000004
BabyCenter,BabyCenter,909351158,com.outfit7.mytalkingangela,My Talking Angela,Outfit7 Limited,Games,GB,0.0,0.0,24.428571428571427,0.0,0.0,0.0,24.428571428571427
BabyCenter,BabyCenter,1208138685,com.tocaboca.tocalifeworld,Toca Boca World: Fun Game,Toca Boca AB,Education,GB,0.0,0.0,28.5,0.0,0.0,0.0,28.5
BabyCenter,BabyCenter,585629514,de.zalando.iphone,Zalando – fashion & clothing,Zalando SE,Shopping,GB,0.0,0.0,25.650000000000002,0.0,0.0,0.0,25.650000000000002
BabyCenter,BabyCenter,441457218,com.photo,Photo Lab: AI Photo Generator,Linerock Investments LTD,Photo & Video,GB,0.0,0.0,40.0,0.0,0.0,0.0,40.0
BabyCenter,BabyCenter,1474917623,com.portbliss.icycake,Icing on the Cake,Lion Studios LLC,Games,GB,0.0,0.0,34.2,0.0,0.0,0.0,34.2
BabyCenter,BabyCenter,594428605,com.kodime.emma,Emma’s Diary: Pregnancy App UK,Lifecycle Marketing Mother and Baby Ltd,Health & Fitness,GB,0.0,0.0,36.0,0.0,0.0,3.0,39.0
BabyCenter,BabyCenter,1403367428,com.vacation.countdown.app,Countdown,Find Appiness LLC,Utilities,GB,0.0,0.0,31.57894736842105,0.0,0.0,0.0,31.57894736842105
BabyCenter,BabyCenter,421997825,com.outfit7.talkingtom2,Talking Tom Cat 2,Outfit7 Limited,Entertainment,GB,0.0,0.0,25.71428571428571,0.0,0.0,0.0,25.71428571428571
BabyCenter,BabyCenter,896501514,com.abishkking.periodcalendar,Period & Cycle Tracker,ABISHKKING LIMITED.,Health & Fitness,GB,0.0,0.0,36.0,0.0,0.0,3.0,39.0
BabyCenter,BabyCenter,467577200,com.gameloft.IceAge,Ice Age Village,Gameloft,Games,GB,0.0,0.0,27.692307692307693,0.0,0.0,0.0,27.692307692307693
Apricity Fertility,Apricity Fertility,1481947204,life.apricity.app.prod,Apricity Fertility Companion,Apricity,Medical,GB;JP,92.0,88.0,90.0,0.0,0.0,3.0,95.0
Apricity Fertility,Apricity Fertility,1616619721,life.apricity.app.free.prod,Apricity TTC App,Apricity,Medical,GB;JP,0.0,0.0,63.33333333333332,0.0,0.0,3.0,66.33333333333331
Apricity TTC,Apricity TTC,1616619721,life.apricity.app.free.prod,Apricity TTC App,Apricity,Medical,JP,92.0,88.0,95.0,0.0,0.0,3.0,98.0
OEVEO,OEVEO,6470270871,com.be.fertility,OEVEO,BeyondEdge Pte Ltd,Health & Fitness,GB,92.0,88.0,100.0,0.0,0.0,3.0,103.0
コウノトリ,コウノトリ,368724832,jp.co.mti.luna2,ルナルナ｜生理日・体調・妊活・基礎体温・ピル服薬管理も！,MTI Ltd.,Health & Fitness,JP,0.0,0.0,0.0,0.0,0.0,3.0,3.0
コウノトリ,コウノトリ,1501112518,com.amanefactory.konotoki,コノトキ - 妊娠のために基礎体温、生理で排卵日予測,amane factory inc.,Health & Fitness,JP,0.0,0.0,67.5,0.0,0.0,3.0,70.5
コウノトリ,コウノトリ,1001404840,jp.co.eversense.Ninaru,ninaru - 妊娠したら妊婦さんのための陣痛・妊娠アプリ,"EVER SENSE, INC.",Medical,JP,0.0,0.0,30.000000000000004,0.0,0.0,3.0,33.0
コウノトリ,コウノトリ,479838529,jp.lalu.sp,妊活・生理 ラルーン｜基礎体温・妊娠・月経、周期やピルの管理,"MEDLEY, INC",Health & Fitness,JP,0.0,0.0,0.0,0.0,0.0,3.0,3.0
コウノトリ,コウノトリ,1463017487,jp.co.planex.oviewjp,コウノトリ(女性用),Planex Communication Inc.,Lifestyle,JP,92.0,88.0,90.0,0.0,0.0,0.0,92.0
コウノトリ,コウノトリ,1460368148,com.sumaluna,スマルナ - オンラインで、お薬の相談・診察・処方まで。,NEXT INNOVATION INC.,Medical,JP,0.0,0.0,0.0,0.0,0.0,3.0,3.0
コウノトリ,コウノトリ,641423096,jp.co.mti.bbt,ルナルナ 体温ノート,MTI Ltd.,Health & Fitness,JP,0.0,0.0,45.0,0.0,0.0,3.0,48.0
コウノトリ,コウノトリ,6446684889,com.ssrb.ios2p,神の契約:異世界伝説 美少女召喚冒険放置育成バトルRPG,"Guangzhou Doctor Information Technology Co., Ltd.",Games,JP,0.0,0.0,17.999999999999996,0.0,0.0,0.0,17.999999999999996
コウノトリ,コウノトリ,1463016981,jp.co.planex.oviewmjp,コウノトリ（男性用）,Planex Communication Inc.,Lifestyle,JP,92.0,88.0,90.0,0.0,0.0,0.0,92.0
コウノトリ,コウノトリ,1365350823,jp.ac.utokyo.iis.iKonotori,コウノトリくん,Masaki Yasukawa,Education,JP,92.0,88.0,83.33333333333334,0.0,0.0,0.0,92.0
コウノトリ,コウノトリ,1314105758,jp.co.eversense.michiru,基礎体温も管理できる生理管理アプリ-ミチル(michiru),"EVER SENSE, INC.",Health & Fitness,JP,0.0,0.0,17.999999999999996,0.0,0.0,3.0,20.999999999999996
コウノトリ,コウノトリ,1605464028,flora.period.tracker.fertility.female.health.calendar.ai.app,Moonlyで生理・妊活・メンタルの管理をサポート,FLORA K.K.,Health & Fitness,JP,0.0,0.0,30.000000000000004,0.0,0.0,3.0,33.0
コウノトリ,コウノトリ,1324884563,jp.co.ixit.eggs,Grace Care - 生理管理・フェムケアサポート,"Eggs Co., Ltd.",Health & Fitness,JP,0.0,0.0,30.000000000000004,0.0,0.0,3.0,33.0
コウノトリ,コウノトリ,978516833,com.stripe.dashboard,Stripe Dashboard,Stripe Inc,Business,JP,0.0,0.0,0.0,0.0,0.0,0.0,0.0
コウノトリ,コウノトリ,1423628793,com.wachanga.womancalendar,Clover: 生理管理アプリで月経を予測&妊活情報,Wachanga LTD,Health & Fitness,JP,0.0,0.0,17.999999999999996,0.0,0.0,3.0,20.999999999999996
コウノトリ,コウノトリ,1450106310,com.iquizapps.abat1b,観光名所クイズ - 世界の有名な観光スポットを推測する,Anastasiia Lavrenteva,Games,JP,0.0,0.0,17.999999999999996,0.0,0.0,0.0,17.999999999999996
コウノトリ,コウノトリ,707430013,dev.apple.minsk.dkovba.PinkOvulationCalendar,月経周期管理: 高速計算 & 排卵日予測,Anastasia Kovba,Medical,JP,0.0,0.0,0.0,0.0,0.0,3.0,3.0
コウノトリ,コウノトリ,1447853701,com.iquizapps.ABAN1b,動物クイズ - 動物を推測,Anastasiia Lavrenteva,Games,JP,0.0,0.0,0.0,0.0,0.0,0.0,0.0
コウノトリ,コウノトリ,1444664180,com.iquizapps.MovieEmoji1B,Guess the Movie - Emoji Games,Anastasiia Lavrenteva,Games,JP,0.0,0.0,0.0,0.0,0.0,0.0,0.0
コウノトリ,コウノトリ,990178211,ru.medkrug.kbrapp,amma: 妊娠出産アプリ-お腹の赤ちゃんの成長がわかる,PERIOD TRACKER & PREGNANCY AND BABY CALENDAR LIMITED,Medical,JP,0.0,0.0,17.999999999999996,0.0,0.0,3.0,20.999999999999996
コウノトリ,コウノトリ,1556318643,jp.poiful.poi,Melup(メルップ)：PMS予報&かんたんマインドフルネス,Tatsuyoshi Nagao,Health & Fitness,JP,0.0,0.0,0.0,0.0,0.0,3.0,3.0
コウノトリ,コウノトリ,1533927697,jp.co.toppanf.watashinoondo2,わたしの温度,TOPPAN Edge Inc.,Health & Fitness,JP,0.0,0.0,0.0,0.0,0.0,3.0,3.0
コウノトリ,コウノトリ,707429992,dev.apple.minsk.dkovba.NightOvulationCalendar,月経周期管理: 排卵日予測 & 高速計算,Anastasia Kovba,Medical,JP,0.0,0.0,0.0,0.0,0.0,3.0,3.0
コウノトリ,コウノトリ,890855662,com.tramboliko.descubreanimalesgranja,農場の動物を発見 - 男の子と女の子のための無料ゲームで動物を発見し,TRAMBOLIKO GAMES SOCIEDAD LIMITADA,Entertainment,JP,0.0,0.0,0.0,0.0,0.0,0.0,0.0
コウノトリ,コウノトリ,1453373942,com.fitnesslabs.pregnancy,妊娠: 陣痛カウンター ・ 胎動カウント,Fitness Labs SRL,Medical,JP,0.0,0.0,45.0,0.0,0.0,3.0,48.0
eggs LAB,eggs LAB,1324884563,jp.co.ixit.eggs,Grace Care - 生理管理・フェムケアサポート,"Eggs Co., Ltd.",Health & Fitness,GB;JP,0.0,0.0,25.71428571428571,0.0,0.0,3.0,28.71428571428571
eggs LAB,eggs LAB,883237617,com.crazylabs.myemma,My Emma :),"CRAZY LABS BY TABTALE , G.P.",Games,GB;JP,0.0,0.0,11.111111111111116,0.0,0.0,0.0,11.111111111111116
eggs LAB,eggs LAB,1604391006,com.zeptolab.overcrowded,Overcrowded: Tycoon,ZeptoLab UK Limited,Games,GB;JP,0.0,0.0,22.5,0.0,0.0,0.0,22.5
eggs LAB,eggs LAB,1452196861,com.marshmallowgames.smarttales,Smart Tales: Play & Learn 2-11,Marshmallow Games SRL,Education,GB;JP,0.0,0.0,34.2,0.0,0.0,0.0,34.2
eggs LAB,eggs LAB,1453383350,com.cuteandtinybabygames.cutetinyscience.free,Cute & Tiny Science,Zaidimu studija UAB,Games,GB;JP,0.0,0.0,27.692307692307693,0.0,0.0,0.0,27.692307692307693
eggs LAB,eggs LAB,1445677038,com.idle.shopping.tycoon,Idle Shopping: Money Tycoon,"Lab Cave Gaming, SL",Games,GB;JP,0.0,0.0,27.692307692307693,0.0,0.0,0.0,27.692307692307693
eggs LAB,eggs LAB,6504281204,com.ludoslabs.polycarfactorytycoon,Car Factory Tycoon: Idle Game,LudosLabs Sp. z o. o.,Games,GB;JP,0.0,0.0,25.71428571428571,0.0,0.0,0.0,25.71428571428571
eggs LAB,eggs LAB,413996851,com.riseuplabs.PanoramaWallpapers,Easter Pictures & Easter Images HD,Rise Up Labs,Lifestyle,GB;JP,0.0,0.0,41.53846153846154,0.0,0.0,0.0,41.53846153846154
eggs LAB,eggs LAB,639236302,com.winprogger.ios.homeinventory.lite,Nest Egg - Inventory Lite,"Nest Egg Labs, Inc",Utilities,GB;JP,0.0,0.0,45.0,0.0,0.0,0.0,45.0
eggs LAB,eggs LAB,431188993,com.winprogger.ios.homeinventory,Nest Egg - Inventory,"Nest Egg Labs, Inc",Utilities,GB;JP,0.0,0.0,45.0,0.0,0.0,0.0,45.0
eggs LAB,eggs LAB,1207563841,edu.cornell.birds.nestwatchmobile,NestWatch by the Cornell Lab,Cornell University,Education,GB;JP,0.0,0.0,42.75,0.0,0.0,0.0,42.75
eggs LAB,eggs LAB,1627711920,com.csquad.monsters.lab.mutant.lab.laboratory,Mutant Lab - Merge Master 3d,Adnan Sohail,Games,GB;JP,0.0,0.0,33.75,0.0,0.0,0.0,33.75
eggs LAB,eggs LAB,977831925,com.winprogger.ios.businessinventory,Nest Egg - Inventory In Cloud,"Nest Egg Labs, Inc",Business,GB;JP,0.0,0.0,45.0,0.0,0.0,0.0,45.0
eggs LAB,eggs LAB,1450073081,com.sweetcode.gestures.food,Sweetie-pie Food Stickers,Sweetcode Lab Inc.,Stickers,GB;JP,0.0,0.0,32.727272727272734,0.0,0.0,0.0,32.727272727272734
eggs LAB,eggs LAB,1425685834,com.waveletlab.throw,Throw Harder,Wavelet Lab Inc.,Games,GB;JP,0.0,0.0,17.999999999999996,0.0,0.0,0.0,17.999999999999996
eggs LAB,eggs LAB,679004671,it.kitelabs,alDente (cooking timer),Kite Labs S.r.l.,Utilities,GB;JP,0.0,0.0,22.800000000000004,0.0,0.0,0.0,22.800000000000004
eggs LAB,eggs LAB,1499664504,periodtracker.app,Period Tracker,Luni,Health & Fitness,JP,0.0,0.0,24.000000000000004,0.0,0.0,3.0,27.000000000000004
eggs LAB,eggs LAB,1566544989,successmode.reactjs.Tpay,KTP - 사후면세점 텍스프리 App 서비스,EGG LAB Inc.,Business,JP,0.0,0.0,24.428571428571427,0.0,0.0,0.0,24.428571428571427
